{
  "intrinsic": {
    "focalLengthX": 0.790419936,
    "focalLengthY": 1.73205078,
    "principalPointX": 0.0,
    "principalPointY": 0.0,
    "aspectRatio": 2.19130445
  },
  "extrinsic": {
    "position": {
      "x": -7.658894,
      "y": -1.24,
      "z": -8.598317
    },
    "rotation": {
      "x": 0.0,
      "y": -0.645155966,
      "z": 0.0
    }
  }
}