{"intrinsic" : {"fx" : 623.54, "fy" : 350.74, "cx" : 640.00, "cy" : 360.00, "width" : 1280, "height" : 720}, "quaternion" : {"x":-0.22227990627288819,"y":0.6712612509727478,"z":0.2222798615694046,"w":0.6712612509727478}, "position" : {"tx" : -2.86, "ty" : -1.99, "tz" : 3.20}}