{
  "intrinsic": {
    "focalLengthX": 0.954341531,
    "focalLengthY": 1.73205078,
    "principalPointX": 0.0,
    "principalPointY": 0.0,
    "aspectRatio": 1.81491709
  },
  "extrinsic": {
    "position": {
      "x": -6.76669168,
      "y": -1.0,
      "z": -7.64025354
    },
    "rotation": {
      "x": 0.0,
      "y": -0.49999997,
      "z": 0.0
    }
  }
}